{"cameraMode":{"drawMode":0,"name":"Shaded","section":"Shading Mode"},"sceneLighting":false,"audioPlay":false,"sceneViewState":{"m_AlwaysRefresh":true,"showFog":true,"showSkybox":false,"showFlares":true,"showImageEffects":true,"showParticleSystems":true,"showVisualEffectGraphs":true,"m_FxEnabled":true},"in2DMode":false,"pivot":{"x":0.3039822280406952,"y":0.7521992921829224,"z":0.3945605456829071},"rotation":{"x":-0.061944324523210528,"y":-0.8208317160606384,"z":-0.09074755758047104,"w":0.5605159997940064},"size":0.6745539307594299,"orthographic":false}