{"cameraMode":{"drawMode":0,"name":"Shaded","section":"Shading Mode"},"sceneLighting":false,"audioPlay":false,"sceneViewState":{"m_AlwaysRefresh":true,"showFog":true,"showSkybox":false,"showFlares":true,"showImageEffects":true,"showParticleSystems":true,"showVisualEffectGraphs":true,"m_FxEnabled":true},"in2DMode":false,"pivot":{"x":0.2509291470050812,"y":0.7682370543479919,"z":0.34291866421699526},"rotation":{"x":-0.07950381934642792,"y":-0.7222630977630615,"z":-0.0842435359954834,"w":0.6818607449531555},"size":0.7049088478088379,"orthographic":false}