{"cameraMode":{"drawMode":0,"name":"Shaded","section":"Shading Mode"},"sceneLighting":false,"audioPlay":false,"sceneViewState":{"m_AlwaysRefresh":true,"showFog":true,"showSkybox":false,"showFlares":true,"showImageEffects":true,"showParticleSystems":true,"showVisualEffectGraphs":true,"m_FxEnabled":true},"in2DMode":false,"pivot":{"x":-0.11449168622493744,"y":0.9348000288009644,"z":0.5242090225219727},"rotation":{"x":0.0021750456653535368,"y":-0.9940453171730042,"z":0.10717746615409851,"w":0.020010437816381456},"size":0.7049088478088379,"orthographic":false}