{"cameraMode":{"drawMode":0,"name":"Shaded","section":"Shading Mode"},"sceneLighting":false,"audioPlay":false,"sceneViewState":{"m_AlwaysRefresh":true,"showFog":true,"showSkybox":false,"showFlares":true,"showImageEffects":true,"showParticleSystems":true,"showVisualEffectGraphs":true,"m_FxEnabled":true},"in2DMode":false,"pivot":{"x":0.0005927681922912598,"y":0.43546509742736819,"z":0.001354604959487915},"rotation":{"x":0.00015268508286681026,"y":-1.0001369714736939,"z":-0.002695725066587329,"w":0.017804445698857309},"size":0.6308826208114624,"orthographic":false}