{"cameraMode":{"drawMode":0,"name":"Shaded","section":"Shading Mode"},"sceneLighting":false,"audioPlay":false,"sceneViewState":{"m_AlwaysRefresh":true,"showFog":true,"showSkybox":false,"showFlares":true,"showImageEffects":true,"showParticleSystems":true,"showVisualEffectGraphs":true,"m_FxEnabled":true},"in2DMode":false,"pivot":{"x":-0.009331956505775452,"y":0.21119816601276399,"z":-0.09119433164596558},"rotation":{"x":0.0027556815184652807,"y":0.99298495054245,"z":-0.11853475123643875,"w":0.02344822697341442},"size":0.5186418890953064,"orthographic":false}