{"cameraMode":{"drawMode":0,"name":"Shaded","section":"Shading Mode"},"sceneLighting":false,"audioPlay":false,"sceneViewState":{"m_AlwaysRefresh":true,"showFog":true,"showSkybox":false,"showFlares":true,"showImageEffects":true,"showParticleSystems":true,"showVisualEffectGraphs":true,"m_FxEnabled":true},"in2DMode":false,"pivot":{"x":59.032142639160159,"y":5.405117988586426,"z":35.703102111816409},"rotation":{"x":-0.004431759472936392,"y":0.9858797192573547,"z":-0.16598708927631379,"w":-0.024493316188454629},"size":3.082815408706665,"orthographic":false}