{"cameraMode":{"drawMode":0,"name":"Shaded","section":"Shading Mode"},"sceneLighting":false,"audioPlay":false,"sceneViewState":{"m_AlwaysRefresh":true,"showFog":true,"showSkybox":false,"showFlares":true,"showImageEffects":true,"showParticleSystems":true,"showVisualEffectGraphs":true,"m_FxEnabled":true},"in2DMode":false,"pivot":{"x":-0.02431628108024597,"y":0.38624677062034609,"z":1.299065351486206},"rotation":{"x":-0.008096560835838318,"y":0.9920370578765869,"z":-0.08084283024072647,"w":-0.09956374019384384},"size":1.06489098072052,"orthographic":false}