{"cameraMode":{"drawMode":0,"name":"Shaded","section":"Shading Mode"},"sceneLighting":false,"audioPlay":false,"sceneViewState":{"m_AlwaysRefresh":true,"showFog":true,"showSkybox":false,"showFlares":true,"showImageEffects":true,"showParticleSystems":true,"showVisualEffectGraphs":true,"m_FxEnabled":true},"in2DMode":false,"pivot":{"x":0.04746238887310028,"y":0.7915472984313965,"z":-0.21372783184051515},"rotation":{"x":-0.0026576865930110218,"y":0.9971827864646912,"z":-0.06922634690999985,"w":-0.038437649607658389},"size":1.06489098072052,"orthographic":false}