{"cameraMode":{"drawMode":0,"name":"Shaded","section":"Shading Mode"},"sceneLighting":false,"audioPlay":false,"sceneViewState":{"m_AlwaysRefresh":true,"showFog":true,"showSkybox":false,"showFlares":true,"showImageEffects":true,"showParticleSystems":true,"showVisualEffectGraphs":true,"m_FxEnabled":true},"in2DMode":false,"pivot":{"x":-0.0016832351684570313,"y":0.3561563491821289,"z":-0.004434213042259216},"rotation":{"x":0.0027556815184652807,"y":0.99298495054245,"z":-0.11853475123643875,"w":0.02344822697341442},"size":0.5804303288459778,"orthographic":false}