{"cameraMode":{"drawMode":0,"name":"Shaded","section":"Shading Mode"},"sceneLighting":false,"audioPlay":false,"sceneViewState":{"m_AlwaysRefresh":true,"showFog":true,"showSkybox":false,"showFlares":true,"showImageEffects":true,"showParticleSystems":true,"showVisualEffectGraphs":true,"m_FxEnabled":true},"in2DMode":false,"pivot":{"x":0.005764424800872803,"y":0.6592260003089905,"z":1.1920928955078126e-7},"rotation":{"x":-0.008096560835838318,"y":0.9920370578765869,"z":-0.08084283024072647,"w":-0.09956374019384384},"size":1.06489098072052,"orthographic":false}