{"cameraMode":{"drawMode":0,"name":"Shaded","section":"Shading Mode"},"sceneLighting":false,"audioPlay":false,"sceneViewState":{"m_AlwaysRefresh":true,"showFog":true,"showSkybox":false,"showFlares":true,"showImageEffects":true,"showParticleSystems":true,"showVisualEffectGraphs":true,"m_FxEnabled":true},"in2DMode":false,"pivot":{"x":0.31327056884765627,"y":3.7151808738708498,"z":0.31501102447509768},"rotation":{"x":-0.0848686471581459,"y":0.8772193193435669,"z":-0.1686137467622757,"w":-0.44143399596214297},"size":3.99920916557312,"orthographic":false}