{"cameraMode":{"drawMode":0,"name":"Shaded","section":"Shading Mode"},"sceneLighting":true,"audioPlay":false,"sceneViewState":{"m_AlwaysRefresh":true,"showFog":true,"showSkybox":true,"showFlares":true,"showImageEffects":true,"showParticleSystems":true,"showVisualEffectGraphs":true,"m_FxEnabled":true},"in2DMode":false,"pivot":{"x":3.5799999237060549,"y":5.199688911437988,"z":36.130001068115237},"rotation":{"x":-0.15463876724243165,"y":0.7874366044998169,"z":-0.21946726739406587,"w":-0.5548564791679382},"size":10.871366500854493,"orthographic":false}