{"cameraMode":{"drawMode":0,"name":"Shaded","section":"Shading Mode"},"sceneLighting":true,"audioPlay":false,"sceneViewState":{"m_AlwaysRefresh":true,"showFog":true,"showSkybox":true,"showFlares":true,"showImageEffects":true,"showParticleSystems":true,"showVisualEffectGraphs":true,"m_FxEnabled":true},"in2DMode":false,"pivot":{"x":6.918043613433838,"y":36.121726989746097,"z":-9.013938903808594},"rotation":{"x":-0.20865629613399507,"y":0.030766934156417848,"z":-0.006578346714377403,"w":-0.9774715900421143},"size":5.51193904876709,"orthographic":false}