{"cameraMode":{"drawMode":0,"name":"Shaded","section":"Shading Mode"},"sceneLighting":true,"audioPlay":false,"sceneViewState":{"m_AlwaysRefresh":true,"showFog":true,"showSkybox":true,"showFlares":true,"showImageEffects":true,"showParticleSystems":true,"showVisualEffectGraphs":true,"m_FxEnabled":true},"in2DMode":false,"pivot":{"x":11.395424842834473,"y":7.818225383758545,"z":31.720142364501954},"rotation":{"x":0.003008913481608033,"y":0.9552037715911865,"z":-0.29580339789390566,"w":0.009714102372527123},"size":0.8660253882408142,"orthographic":false}