{"cameraMode":{"drawMode":0,"name":"Shaded","section":"Shading Mode"},"sceneLighting":true,"audioPlay":false,"sceneViewState":{"m_AlwaysRefresh":true,"showFog":true,"showSkybox":true,"showFlares":true,"showImageEffects":true,"showParticleSystems":true,"showVisualEffectGraphs":true,"m_FxEnabled":true},"in2DMode":false,"pivot":{"x":439.25872802734377,"y":342.1386413574219,"z":-489.6485290527344},"rotation":{"x":-0.02759270928800106,"y":-0.010090661235153675,"z":-0.00022387273202184588,"w":0.9996278285980225},"size":5.957237720489502,"orthographic":false}