{"cameraMode":{"drawMode":0,"name":"Shaded","section":"Shading Mode"},"sceneLighting":true,"audioPlay":false,"sceneViewState":{"m_AlwaysRefresh":true,"showFog":true,"showSkybox":true,"showFlares":true,"showImageEffects":true,"showParticleSystems":true,"showVisualEffectGraphs":true,"m_FxEnabled":true},"in2DMode":false,"pivot":{"x":10.767595291137696,"y":8.070042610168457,"z":31.692808151245118},"rotation":{"x":-0.04130450636148453,"y":0.9583778381347656,"z":-0.21210941672325135,"w":-0.1866324543952942},"size":18.38446617126465,"orthographic":false}