{"cameraMode":{"drawMode":0,"name":"Shaded","section":"Shading Mode"},"sceneLighting":true,"audioPlay":false,"sceneViewState":{"m_AlwaysRefresh":true,"showFog":true,"showSkybox":true,"showFlares":true,"showImageEffects":true,"showParticleSystems":true,"showVisualEffectGraphs":true,"m_FxEnabled":true},"in2DMode":false,"pivot":{"x":12.472113609313965,"y":4.701949119567871,"z":26.459402084350587},"rotation":{"x":0.06717124581336975,"y":-0.7165214419364929,"z":0.0696445032954216,"w":0.6909105181694031},"size":1.0242198705673218,"orthographic":false}