{"cameraMode":{"drawMode":0,"name":"Shaded","section":"Shading Mode"},"sceneLighting":false,"audioPlay":false,"sceneViewState":{"m_AlwaysRefresh":true,"showFog":true,"showSkybox":false,"showFlares":true,"showImageEffects":true,"showParticleSystems":true,"showVisualEffectGraphs":true,"m_FxEnabled":true},"in2DMode":false,"pivot":{"x":-0.03295431286096573,"y":0.7335715293884277,"z":1.024980068206787},"rotation":{"x":0.004211167339235544,"y":-0.9880383610725403,"z":0.1517583429813385,"w":0.027303596958518029},"size":0.7300114631652832,"orthographic":false}