{"cameraMode":{"drawMode":0,"name":"Shaded","section":"Shading Mode"},"sceneLighting":false,"audioPlay":false,"sceneViewState":{"m_AlwaysRefresh":true,"showFog":true,"showSkybox":false,"showFlares":true,"showImageEffects":true,"showParticleSystems":true,"showVisualEffectGraphs":true,"m_FxEnabled":true},"in2DMode":false,"pivot":{"x":0.6375644207000732,"y":1.2114816904067994,"z":0.5275040864944458},"rotation":{"x":-0.007039706688374281,"y":-0.7717573642730713,"z":-0.00857542548328638,"w":0.6358312368392944},"size":0.7300114631652832,"orthographic":false}