{"cameraMode":{"drawMode":0,"name":"Shaded","section":"Shading Mode"},"sceneLighting":false,"audioPlay":false,"sceneViewState":{"m_AlwaysRefresh":true,"showFog":true,"showSkybox":false,"showFlares":true,"showImageEffects":true,"showParticleSystems":true,"showVisualEffectGraphs":true,"m_FxEnabled":true},"in2DMode":false,"pivot":{"x":1.9758365154266358,"y":1.199581265449524,"z":1.037143588066101},"rotation":{"x":-0.010633490048348904,"y":-0.8478171229362488,"z":-0.017049593850970269,"w":0.5299219489097595},"size":0.7300114631652832,"orthographic":false}