{"cameraMode":{"drawMode":0,"name":"Shaded","section":"Shading Mode"},"sceneLighting":false,"audioPlay":false,"sceneViewState":{"m_AlwaysRefresh":true,"showFog":true,"showSkybox":false,"showFlares":true,"showImageEffects":true,"showParticleSystems":true,"showVisualEffectGraphs":true,"m_FxEnabled":true},"in2DMode":false,"pivot":{"x":-0.05623713135719299,"y":0.5126469731330872,"z":0.3544044494628906},"rotation":{"x":-0.38658803701400759,"y":0.23830637335777284,"z":-0.10409951210021973,"w":-0.8848362565040588},"size":1.1855802536010743,"orthographic":false}