{"cameraMode":{"drawMode":0,"name":"Shaded","section":"Shading Mode"},"sceneLighting":false,"audioPlay":false,"sceneViewState":{"m_AlwaysRefresh":true,"showFog":true,"showSkybox":false,"showFlares":true,"showImageEffects":true,"showParticleSystems":true,"showVisualEffectGraphs":true,"m_FxEnabled":true},"in2DMode":false,"pivot":{"x":28.38375473022461,"y":4.4391303062438969,"z":34.00331115722656},"rotation":{"x":0.007464945781975985,"y":0.9751265645027161,"z":-0.22042441368103028,"w":0.03328198567032814},"size":0.8402008414268494,"orthographic":false}