{"cameraMode":{"drawMode":0,"name":"Shaded","section":"Shading Mode"},"sceneLighting":false,"audioPlay":false,"sceneViewState":{"m_AlwaysRefresh":true,"showFog":true,"showSkybox":false,"showFlares":true,"showImageEffects":true,"showParticleSystems":true,"showVisualEffectGraphs":true,"m_FxEnabled":true},"in2DMode":false,"pivot":{"x":0.22453142702579499,"y":0.7534276843070984,"z":-0.390781044960022},"rotation":{"x":-0.00021165149519219995,"y":-0.9996866583824158,"z":0.0099025908857584,"w":-0.023366810753941537},"size":0.9094651341438294,"orthographic":false}