{"cameraMode":{"drawMode":0,"name":"Shaded","section":"Shading Mode"},"sceneLighting":false,"audioPlay":false,"sceneViewState":{"m_AlwaysRefresh":true,"showFog":true,"showSkybox":false,"showFlares":true,"showImageEffects":true,"showParticleSystems":true,"showVisualEffectGraphs":true,"m_FxEnabled":true},"in2DMode":false,"pivot":{"x":1.9869130849838257,"y":0.7725728750228882,"z":1.1731884479522706},"rotation":{"x":0.06607549637556076,"y":-0.8305668830871582,"z":0.10090204328298569,"w":0.543719470500946},"size":0.9094651341438294,"orthographic":false}