{"cameraMode":{"drawMode":0,"name":"Shaded","section":"Shading Mode"},"sceneLighting":false,"audioPlay":false,"sceneViewState":{"m_AlwaysRefresh":true,"showFog":true,"showSkybox":false,"showFlares":true,"showImageEffects":true,"showParticleSystems":true,"showVisualEffectGraphs":true,"m_FxEnabled":true},"in2DMode":false,"pivot":{"x":0.38481080532073977,"y":0.6902098059654236,"z":-0.3850940763950348},"rotation":{"x":0.018845772370696069,"y":-0.7676457762718201,"z":0.02256663329899311,"w":0.6402140855789185},"size":0.9094651341438294,"orthographic":false}