{"cameraMode":{"drawMode":0,"name":"Shaded","section":"Shading Mode"},"sceneLighting":false,"audioPlay":false,"sceneViewState":{"m_AlwaysRefresh":true,"showFog":true,"showSkybox":false,"showFlares":true,"showImageEffects":true,"showParticleSystems":true,"showVisualEffectGraphs":true,"m_FxEnabled":true},"in2DMode":false,"pivot":{"x":-0.04716400057077408,"y":0.8935022950172424,"z":0.32789346575737},"rotation":{"x":-0.018601534888148309,"y":-0.700678825378418,"z":-0.018298430368304254,"w":0.7130230069160461},"size":0.8944493532180786,"orthographic":false}