{"cameraMode":{"drawMode":0,"name":"Shaded","section":"Shading Mode"},"sceneLighting":false,"audioPlay":false,"sceneViewState":{"m_AlwaysRefresh":true,"showFog":true,"showSkybox":false,"showFlares":true,"showImageEffects":true,"showParticleSystems":true,"showVisualEffectGraphs":true,"m_FxEnabled":true},"in2DMode":false,"pivot":{"x":-3.180795907974243,"y":0.6771169304847717,"z":-0.9453759789466858},"rotation":{"x":0.015127025544643402,"y":-0.8195907473564148,"z":0.02163882926106453,"w":0.5723747611045837},"size":5.202444076538086,"orthographic":false}