{"cameraMode":{"drawMode":0,"name":"Shaded","section":"Shading Mode"},"sceneLighting":false,"audioPlay":false,"sceneViewState":{"m_AlwaysRefresh":true,"showFog":true,"showSkybox":false,"showFlares":true,"showImageEffects":true,"showParticleSystems":true,"showVisualEffectGraphs":true,"m_FxEnabled":true},"in2DMode":false,"pivot":{"x":-0.6967478394508362,"y":0.16200566291809083,"z":-4.256006717681885},"rotation":{"x":0.00162791449110955,"y":-0.9973096251487732,"z":0.06982995569705963,"w":0.02307021990418434},"size":2.9939725399017336,"orthographic":false}