{"cameraMode":{"drawMode":0,"name":"Shaded","section":"Shading Mode"},"sceneLighting":false,"audioPlay":false,"sceneViewState":{"m_AlwaysRefresh":true,"showFog":true,"showSkybox":false,"showFlares":true,"showImageEffects":true,"showParticleSystems":true,"showVisualEffectGraphs":true,"m_FxEnabled":true},"in2DMode":false,"pivot":{"x":10.550568580627442,"y":3.1631720066070558,"z":21.014490127563478},"rotation":{"x":0.015365790575742722,"y":-0.9776240587234497,"z":0.1964673548936844,"w":0.07738231122493744},"size":3.0604796409606935,"orthographic":false}