{"cameraMode":{"drawMode":0,"name":"Shaded","section":"Shading Mode"},"sceneLighting":false,"audioPlay":false,"sceneViewState":{"m_AlwaysRefresh":true,"showFog":true,"showSkybox":false,"showFlares":true,"showImageEffects":true,"showParticleSystems":true,"showVisualEffectGraphs":true,"m_FxEnabled":true},"in2DMode":false,"pivot":{"x":0.03721556067466736,"y":0.7022597789764404,"z":0.16381466388702393},"rotation":{"x":0.2796840965747833,"y":-0.19777704775333405,"z":0.05904748663306236,"w":0.9379464983940125},"size":1.5205068588256837,"orthographic":false}