{"cameraMode":{"drawMode":0,"name":"Shaded","section":"Shading Mode"},"sceneLighting":false,"audioPlay":false,"sceneViewState":{"m_AlwaysRefresh":true,"showFog":true,"showSkybox":false,"showFlares":true,"showImageEffects":true,"showParticleSystems":true,"showVisualEffectGraphs":true,"m_FxEnabled":true},"in2DMode":false,"pivot":{"x":-0.4096750020980835,"y":0.5127294659614563,"z":0.20410504937171937},"rotation":{"x":-0.0106260497123003,"y":0.981266975402832,"z":-0.056303154677152637,"w":-0.18569821119308473},"size":1.06489098072052,"orthographic":false}