{"cameraMode":{"drawMode":0,"name":"Shaded","section":"Shading Mode"},"sceneLighting":true,"audioPlay":false,"sceneViewState":{"m_AlwaysRefresh":true,"showFog":true,"showSkybox":true,"showFlares":true,"showImageEffects":true,"showParticleSystems":true,"showVisualEffectGraphs":true,"m_FxEnabled":true},"in2DMode":false,"pivot":{"x":25.664581298828126,"y":5.855627536773682,"z":21.86689567565918},"rotation":{"x":0.00030119367875158787,"y":-1.0001471042633057,"z":0.004809072706848383,"w":-0.0018276151968166233},"size":11.411661148071289,"orthographic":false}