{"cameraMode":{"drawMode":0,"name":"Shaded","section":"Shading Mode"},"sceneLighting":true,"audioPlay":false,"sceneViewState":{"m_AlwaysRefresh":true,"showFog":true,"showSkybox":true,"showFlares":true,"showImageEffects":true,"showParticleSystems":true,"showVisualEffectGraphs":true,"m_FxEnabled":true},"in2DMode":false,"pivot":{"x":70.8816146850586,"y":8.186189651489258,"z":31.388925552368165},"rotation":{"x":0.15692166984081269,"y":0.36584562063217165,"z":-0.06285750865936279,"w":0.9155201315879822},"size":1.2247449159622193,"orthographic":false}