{"cameraMode":{"drawMode":0,"name":"Shaded","section":"Shading Mode"},"sceneLighting":true,"audioPlay":false,"sceneViewState":{"m_AlwaysRefresh":true,"showFog":true,"showSkybox":true,"showFlares":true,"showImageEffects":true,"showParticleSystems":true,"showVisualEffectGraphs":true,"m_FxEnabled":true},"in2DMode":false,"pivot":{"x":56.418636322021487,"y":-58.96061706542969,"z":84.67882537841797},"rotation":{"x":0.4734511077404022,"y":0.10200255364179611,"z":-0.055509187281131747,"w":0.8733042478561401},"size":76.78221130371094,"orthographic":false}