{"cameraMode":{"drawMode":0,"name":"Shaded","section":"Shading Mode"},"sceneLighting":false,"audioPlay":false,"sceneViewState":{"m_AlwaysRefresh":true,"showFog":true,"showSkybox":false,"showFlares":true,"showImageEffects":true,"showParticleSystems":true,"showVisualEffectGraphs":true,"m_FxEnabled":true},"in2DMode":false,"pivot":{"x":4.079999923706055,"y":1.0799999237060547,"z":5.900000095367432},"rotation":{"x":-0.38418400287628176,"y":0.09120246767997742,"z":-0.03823819011449814,"w":-0.9181330800056458},"size":1.2247447967529297,"orthographic":false}