{"cameraMode":{"drawMode":0,"name":"Shaded","section":"Shading Mode"},"sceneLighting":false,"audioPlay":false,"sceneViewState":{"m_AlwaysRefresh":true,"showFog":true,"showSkybox":false,"showFlares":true,"showImageEffects":true,"showParticleSystems":true,"showVisualEffectGraphs":true,"m_FxEnabled":true},"in2DMode":false,"pivot":{"x":-0.41072434186935427,"y":0.4578808546066284,"z":-0.727186918258667},"rotation":{"x":0.001411192468367517,"y":-0.9982428550720215,"z":0.0533614382147789,"w":0.026088587939739229},"size":1.5567761659622193,"orthographic":false}