{"cameraMode":{"drawMode":0,"name":"Shaded","section":"Shading Mode"},"sceneLighting":false,"audioPlay":false,"sceneViewState":{"m_AlwaysRefresh":true,"showFog":true,"showSkybox":false,"showFlares":true,"showImageEffects":true,"showParticleSystems":true,"showVisualEffectGraphs":true,"m_FxEnabled":true},"in2DMode":false,"pivot":{"x":0.5334711074829102,"y":0.9629265069961548,"z":0.21825948357582093},"rotation":{"x":0.01166880875825882,"y":-0.6802161335945129,"z":0.01080705039203167,"w":0.7328509092330933},"size":1.0024513006210328,"orthographic":false}