{"cameraMode":{"drawMode":0,"name":"Shaded","section":"Shading Mode"},"sceneLighting":false,"audioPlay":false,"sceneViewState":{"m_AlwaysRefresh":true,"showFog":true,"showSkybox":false,"showFlares":true,"showImageEffects":true,"showParticleSystems":true,"showVisualEffectGraphs":true,"m_FxEnabled":true},"in2DMode":false,"pivot":{"x":-0.4297805428504944,"y":1.0508853197097779,"z":-0.8055781722068787},"rotation":{"x":-0.033455464988946918,"y":-0.8318417072296143,"z":-0.05047833174467087,"w":0.5517156720161438},"size":1.4311693906784058,"orthographic":false}