{"cameraMode":{"drawMode":0,"name":"Shaded","section":"Shading Mode"},"sceneLighting":false,"audioPlay":false,"sceneViewState":{"m_AlwaysRefresh":true,"showFog":true,"showSkybox":false,"showFlares":true,"showImageEffects":true,"showParticleSystems":true,"showVisualEffectGraphs":true,"m_FxEnabled":true},"in2DMode":false,"pivot":{"x":1.4074981212615967,"y":0.7599472403526306,"z":0.18867821991443635},"rotation":{"x":-0.013972689397633076,"y":-0.9165123105049133,"z":-0.03218603506684303,"w":0.3984867036342621},"size":0.881884753704071,"orthographic":false}