{"cameraMode":{"drawMode":0,"name":"Shaded","section":"Shading Mode"},"sceneLighting":false,"audioPlay":false,"sceneViewState":{"m_AlwaysRefresh":true,"showFog":true,"showSkybox":false,"showFlares":true,"showImageEffects":true,"showParticleSystems":true,"showVisualEffectGraphs":true,"m_FxEnabled":true},"in2DMode":false,"pivot":{"x":-0.1412563920021057,"y":0.49686548113822939,"z":-0.2860288619995117},"rotation":{"x":0.0036677755415439607,"y":-0.9962841868400574,"z":0.06675511598587036,"w":0.05447934567928314},"size":1.4311693906784058,"orthographic":false}