{"cameraMode":{"drawMode":0,"name":"Shaded","section":"Shading Mode"},"sceneLighting":false,"audioPlay":false,"sceneViewState":{"m_AlwaysRefresh":true,"showFog":true,"showSkybox":false,"showFlares":true,"showImageEffects":true,"showParticleSystems":true,"showVisualEffectGraphs":true,"m_FxEnabled":true},"in2DMode":false,"pivot":{"x":-0.537234902381897,"y":0.6700482964515686,"z":0.13377904891967774},"rotation":{"x":-0.005691880360245705,"y":0.9924828410148621,"z":-0.04947919771075249,"w":-0.11467277258634567},"size":1.2129520177841187,"orthographic":false}