{"cameraMode":{"drawMode":0,"name":"Shaded","section":"Shading Mode"},"sceneLighting":false,"audioPlay":false,"sceneViewState":{"m_AlwaysRefresh":true,"showFog":true,"showSkybox":false,"showFlares":true,"showImageEffects":true,"showParticleSystems":true,"showVisualEffectGraphs":true,"m_FxEnabled":true},"in2DMode":false,"pivot":{"x":-0.9191780686378479,"y":0.1486927717924118,"z":-0.8689509630203247},"rotation":{"x":0.03357505425810814,"y":-0.9666198492050171,"z":0.18671096861362458,"w":0.17385812103748322},"size":1.4598771333694459,"orthographic":false}