{"cameraMode":{"drawMode":0,"name":"Shaded","section":"Shading Mode"},"sceneLighting":false,"audioPlay":false,"sceneViewState":{"m_AlwaysRefresh":true,"showFog":true,"showSkybox":false,"showFlares":true,"showImageEffects":true,"showParticleSystems":true,"showVisualEffectGraphs":true,"m_FxEnabled":true},"in2DMode":false,"pivot":{"x":0.06305032968521118,"y":0.769665002822876,"z":-0.38752281665802},"rotation":{"x":-0.006075430195778608,"y":-0.7727231979370117,"z":-0.0074264658614993099,"w":0.6346831917762756},"size":1.143113374710083,"orthographic":false}