{"cameraMode":{"drawMode":0,"name":"Shaded","section":"Shading Mode"},"sceneLighting":false,"audioPlay":false,"sceneViewState":{"m_AlwaysRefresh":true,"showFog":true,"showSkybox":false,"showFlares":true,"showImageEffects":true,"showParticleSystems":true,"showVisualEffectGraphs":true,"m_FxEnabled":true},"in2DMode":false,"pivot":{"x":-0.0441209152340889,"y":0.7283123135566711,"z":-0.05195576697587967},"rotation":{"x":-0.025610970333218576,"y":-0.761584460735321,"z":-0.030183695256710054,"w":0.6468685865402222},"size":1.143113374710083,"orthographic":false}