{"cameraMode":{"drawMode":0,"name":"Shaded","section":"Shading Mode"},"sceneLighting":false,"audioPlay":false,"sceneViewState":{"m_AlwaysRefresh":true,"showFog":true,"showSkybox":false,"showFlares":true,"showImageEffects":true,"showParticleSystems":true,"showVisualEffectGraphs":true,"m_FxEnabled":true},"in2DMode":false,"pivot":{"x":-0.09710536152124405,"y":0.6689504384994507,"z":0.09410001337528229},"rotation":{"x":-0.0011625677580013872,"y":-0.997812807559967,"z":-0.01855779066681862,"w":0.06357568502426148},"size":1.143113374710083,"orthographic":false}