{"cameraMode":{"drawMode":0,"name":"Shaded","section":"Shading Mode"},"sceneLighting":false,"audioPlay":false,"sceneViewState":{"m_AlwaysRefresh":true,"showFog":true,"showSkybox":false,"showFlares":true,"showImageEffects":true,"showParticleSystems":true,"showVisualEffectGraphs":true,"m_FxEnabled":true},"in2DMode":false,"pivot":{"x":72.86634826660156,"y":5.065061569213867,"z":24.71866226196289},"rotation":{"x":-0.0020716823637485506,"y":-0.9975025653839111,"z":0.03475067391991615,"w":-0.06613991409540177},"size":0.5878715515136719,"orthographic":false}