{"cameraMode":{"drawMode":0,"name":"Shaded","section":"Shading Mode"},"sceneLighting":false,"audioPlay":false,"sceneViewState":{"m_AlwaysRefresh":true,"showFog":true,"showSkybox":false,"showFlares":true,"showImageEffects":true,"showParticleSystems":true,"showVisualEffectGraphs":true,"m_FxEnabled":true},"in2DMode":false,"pivot":{"x":-0.0001374391431454569,"y":0.44432276487350466,"z":-0.277583509683609},"rotation":{"x":-0.000001470480128773488,"y":1.0003186464309693,"z":0.002691036555916071,"w":0.0019714077934622766},"size":0.9580526947975159,"orthographic":false}