{"cameraMode":{"drawMode":0,"name":"Shaded","section":"Shading Mode"},"sceneLighting":false,"audioPlay":false,"sceneViewState":{"m_AlwaysRefresh":true,"showFog":true,"showSkybox":false,"showFlares":true,"showImageEffects":true,"showParticleSystems":true,"showVisualEffectGraphs":true,"m_FxEnabled":true},"in2DMode":false,"pivot":{"x":-0.4379512071609497,"y":0.1207214891910553,"z":-0.9351255893707275},"rotation":{"x":-0.0025036719162017109,"y":0.9867002964019775,"z":-0.015108177438378334,"w":-0.16382254660129548},"size":1.4878264665603638,"orthographic":false}