{"cameraMode":{"drawMode":0,"name":"Shaded","section":"Shading Mode"},"sceneLighting":false,"audioPlay":false,"sceneViewState":{"m_AlwaysRefresh":true,"showFog":true,"showSkybox":false,"showFlares":true,"showImageEffects":true,"showParticleSystems":true,"showVisualEffectGraphs":true,"m_FxEnabled":true},"in2DMode":false,"pivot":{"x":-4.064050197601318,"y":0.5866053700447083,"z":-0.04513174295425415},"rotation":{"x":0.022326022386550905,"y":-0.7247161269187927,"z":0.02347932755947113,"w":0.6882962584495544},"size":2.838312864303589,"orthographic":false}