{"cameraMode":{"drawMode":0,"name":"Shaded","section":"Shading Mode"},"sceneLighting":false,"audioPlay":false,"sceneViewState":{"m_AlwaysRefresh":true,"showFog":true,"showSkybox":false,"showFlares":true,"showImageEffects":true,"showParticleSystems":true,"showVisualEffectGraphs":true,"m_FxEnabled":true},"in2DMode":false,"pivot":{"x":-0.8944087028503418,"y":0.6230406165122986,"z":-3.370562791824341},"rotation":{"x":0.002862062770873308,"y":-0.9952909350395203,"z":0.030767465010285379,"w":0.09195596724748612},"size":2.838312864303589,"orthographic":false}