{"cameraMode":{"drawMode":0,"name":"Shaded","section":"Shading Mode"},"sceneLighting":false,"audioPlay":false,"sceneViewState":{"m_AlwaysRefresh":true,"showFog":true,"showSkybox":false,"showFlares":true,"showImageEffects":true,"showParticleSystems":true,"showVisualEffectGraphs":true,"m_FxEnabled":true},"in2DMode":false,"pivot":{"x":0.40302416682243349,"y":1.0123802423477173,"z":-0.869304895401001},"rotation":{"x":-0.03933413699269295,"y":-0.11184363067150116,"z":-0.004449770785868168,"w":0.9929454922676086},"size":0.7935387492179871,"orthographic":false}