{"cameraMode":{"drawMode":0,"name":"Shaded","section":"Shading Mode"},"sceneLighting":false,"audioPlay":false,"sceneViewState":{"m_AlwaysRefresh":true,"showFog":true,"showSkybox":false,"showFlares":true,"showImageEffects":true,"showParticleSystems":true,"showVisualEffectGraphs":true,"m_FxEnabled":true},"in2DMode":false,"pivot":{"x":0.3078349530696869,"y":0.42496368288993838,"z":0.3098197281360626},"rotation":{"x":0.0027714150492101909,"y":-0.9902346730232239,"z":0.01810293085873127,"w":0.14034926891326905},"size":0.47902631759643557,"orthographic":false}