{"cameraMode":{"drawMode":0,"name":"Shaded","section":"Shading Mode"},"sceneLighting":false,"audioPlay":false,"sceneViewState":{"m_AlwaysRefresh":true,"showFog":true,"showSkybox":false,"showFlares":true,"showImageEffects":true,"showParticleSystems":true,"showVisualEffectGraphs":true,"m_FxEnabled":true},"in2DMode":false,"pivot":{"x":-0.6127482652664185,"y":-0.09765815734863281,"z":-3.9526915550231935},"rotation":{"x":-0.0030127670615911485,"y":0.9945752620697022,"z":-0.09969425946474076,"w":-0.02988201379776001},"size":3.1483774185180666,"orthographic":false}