{"cameraMode":{"drawMode":0,"name":"Shaded","section":"Shading Mode"},"sceneLighting":false,"audioPlay":false,"sceneViewState":{"m_AlwaysRefresh":true,"showFog":true,"showSkybox":false,"showFlares":true,"showImageEffects":true,"showParticleSystems":true,"showVisualEffectGraphs":true,"m_FxEnabled":true},"in2DMode":false,"pivot":{"x":0.22087714076042176,"y":1.1334928274154664,"z":-0.7683089375495911},"rotation":{"x":0.00020677392603829503,"y":0.9991157054901123,"z":-0.005400949157774448,"w":0.04195011407136917},"size":1.4255865812301636,"orthographic":false}