{"cameraMode":{"drawMode":0,"name":"Shaded","section":"Shading Mode"},"sceneLighting":false,"audioPlay":false,"sceneViewState":{"m_AlwaysRefresh":true,"showFog":true,"showSkybox":false,"showFlares":true,"showImageEffects":true,"showParticleSystems":true,"showVisualEffectGraphs":true,"m_FxEnabled":true},"in2DMode":false,"pivot":{"x":21.14180564880371,"y":2.697373867034912,"z":22.348325729370118},"rotation":{"x":-0.010666172951459885,"y":0.9870887994766235,"z":-0.07297835499048233,"w":-0.1433940976858139},"size":10.449999809265137,"orthographic":false}