{"cameraMode":{"drawMode":0,"name":"Shaded","section":"Shading Mode"},"sceneLighting":false,"audioPlay":false,"sceneViewState":{"m_AlwaysRefresh":true,"showFog":true,"showSkybox":false,"showFlares":true,"showImageEffects":true,"showParticleSystems":true,"showVisualEffectGraphs":true,"m_FxEnabled":true},"in2DMode":false,"pivot":{"x":-0.23451828956604005,"y":0.5223374962806702,"z":0.5103038549423218},"rotation":{"x":-0.00022594464826397598,"y":0.9996204972267151,"z":-0.0063078091479837898,"w":-0.037032853811979297},"size":0.9580526947975159,"orthographic":false}