{"cameraMode":{"drawMode":0,"name":"Shaded","section":"Shading Mode"},"sceneLighting":false,"audioPlay":false,"sceneViewState":{"m_AlwaysRefresh":true,"showFog":true,"showSkybox":false,"showFlares":true,"showImageEffects":true,"showParticleSystems":true,"showVisualEffectGraphs":true,"m_FxEnabled":true},"in2DMode":false,"pivot":{"x":0.10125505179166794,"y":0.6163043975830078,"z":1.174583911895752},"rotation":{"x":-0.004743306431919336,"y":-0.9947508573532105,"z":0.08616795390844345,"w":-0.05495002865791321},"size":0.892346203327179,"orthographic":false}