{"cameraMode":{"drawMode":0,"name":"Shaded","section":"Shading Mode"},"sceneLighting":false,"audioPlay":false,"sceneViewState":{"m_AlwaysRefresh":true,"showFog":true,"showSkybox":false,"showFlares":true,"showImageEffects":true,"showParticleSystems":true,"showVisualEffectGraphs":true,"m_FxEnabled":true},"in2DMode":false,"pivot":{"x":0.2959630787372589,"y":0.9858223795890808,"z":0.6679310202598572},"rotation":{"x":-0.014255132526159287,"y":-0.7504287362098694,"z":-0.01621779426932335,"w":0.6605939269065857},"size":0.892346203327179,"orthographic":false}