{"cameraMode":{"drawMode":0,"name":"Shaded","section":"Shading Mode"},"sceneLighting":false,"audioPlay":false,"sceneViewState":{"m_AlwaysRefresh":true,"showFog":true,"showSkybox":false,"showFlares":true,"showImageEffects":true,"showParticleSystems":true,"showVisualEffectGraphs":true,"m_FxEnabled":true},"in2DMode":false,"pivot":{"x":0.11276400089263916,"y":0.4768872857093811,"z":0.42351675033569338},"rotation":{"x":0.015088941901922226,"y":-0.9820448160171509,"z":0.08951785415410996,"w":0.16535595059394837},"size":0.892346203327179,"orthographic":false}