{"cameraMode":{"drawMode":0,"name":"Shaded","section":"Shading Mode"},"sceneLighting":false,"audioPlay":false,"sceneViewState":{"m_AlwaysRefresh":true,"showFog":true,"showSkybox":false,"showFlares":true,"showImageEffects":true,"showParticleSystems":true,"showVisualEffectGraphs":true,"m_FxEnabled":true},"in2DMode":false,"pivot":{"x":0.3683539628982544,"y":0.4741397500038147,"z":-0.11467784643173218},"rotation":{"x":-0.05316871404647827,"y":-0.8510197997093201,"z":0.08789385855197907,"w":-0.5149800777435303},"size":0.892346203327179,"orthographic":false}