{"cameraMode":{"drawMode":0,"name":"Shaded","section":"Shading Mode"},"sceneLighting":false,"audioPlay":false,"sceneViewState":{"m_AlwaysRefresh":true,"showFog":true,"showSkybox":false,"showFlares":true,"showImageEffects":true,"showParticleSystems":true,"showVisualEffectGraphs":true,"m_FxEnabled":true},"in2DMode":false,"pivot":{"x":-0.0016832351684570313,"y":0.3561563491821289,"z":-0.004434213042259216},"rotation":{"x":0.00015268508286681026,"y":-1.0001369714736939,"z":-0.002695725066587329,"w":0.017804445698857309},"size":0.5804303288459778,"orthographic":false}