{"cameraMode":{"drawMode":0,"name":"Shaded","section":"Shading Mode"},"sceneLighting":false,"audioPlay":false,"sceneViewState":{"m_AlwaysRefresh":true,"showFog":true,"showSkybox":false,"showFlares":true,"showImageEffects":true,"showParticleSystems":true,"showVisualEffectGraphs":true,"m_FxEnabled":true},"in2DMode":false,"pivot":{"x":0.7660431265830994,"y":0.2612900733947754,"z":-0.12430062144994736},"rotation":{"x":0.03683043643832207,"y":0.7144938111305237,"z":-0.03782437741756439,"w":0.6979262232780457},"size":1.6979705095291138,"orthographic":false}