{"cameraMode":{"drawMode":0,"name":"Shaded","section":"Shading Mode"},"sceneLighting":false,"audioPlay":false,"sceneViewState":{"m_AlwaysRefresh":true,"showFog":true,"showSkybox":false,"showFlares":true,"showImageEffects":true,"showParticleSystems":true,"showVisualEffectGraphs":true,"m_FxEnabled":true},"in2DMode":false,"pivot":{"x":0.17550325393676759,"y":0.4906725585460663,"z":-0.2593801021575928},"rotation":{"x":0.001832673791795969,"y":0.9133955836296082,"z":-0.004448020365089178,"w":0.407531201839447},"size":2.2111992835998537,"orthographic":false}